{
    "GamePanelHUDHealth": "Game Panel HUD Health",
    "Main Settings": "Main Settings",
    "Position Size Scale Settings": "Position Size Scale Settings",
    "Color Settings": "Color Settings",
    "Font Styles Settings": "Font Styles Settings",
    "Warning Rate Settings": "Warning Rate Settings",
    "Animation Speed Settings": "Animation Speed Settings",
    "Health HUD display": "Health HUD display",
    "Buff Rate display": "Buff Rate display",
    "Buff Arrow Animation": "Buff Arrow Animation",
    "Buff Arrow Animation Reverse": "Buff Arrow Animation Reverse",
    "Anchored Position": "Anchored Position",
    "Size Delta": "Size Delta",
    "Local Scale": "Local Scale",
    "Health": "Health",
    "When Health < 25%, Current Color change to Warning": "When Health < 25%, Current Color change to Warning",
    "Hydration": "Hydration",
    "When Hydration < 10%, Current Color change to Warning": "When Hydration < 10%, Current Color change to Warning",
    "Energy": "Energy",
    "When Energy < 10%, Current Color change to Red Warning": "When Energy < 10%, Current Color change to Warning",
    "Buff Animation Speed": "Buff Animation Speed",
    "Maximum": "Maximum",
    "Zeros": "Zeros",
    "Warning": "Warning",
    "Buff Arrow Up": "Buff Arrow Up",
    "Buff Arrow Down": "Buff Arrow Down",
    "Buff Up": "Buff Up",
    "Buff Down": "Buff Down",
    "Current": "Current"
}