{
    "GamePanelHUDCompass": "Game Panel HUD Compass",
    "Main Settings": "Main Settings",
    "Quest Display Settings": "Quest Display Settings",
    "Position Scale Settings": "Position Scale Settings",
    "Color Settings": "Color Settings",
    "Font Styles Settings": "Font Styles Settings",
    "Animation Speed Settings": "Animation Speed Settings",
    "Rate Settings": "Rate Settings",
    "Other Settings": "Other Settings",
    "Compass HUD display": "Compass HUD display",
    "Compass Angle HUD display": "Compass Angle HUD display",
    "Compass Fire HUD display": "Compass Fire HUD display",
    "Compass Fire Direction HUD display": "Compass Fire Direction HUD display",
    "Compass Fire Hide Silenced": "Compass Fire Hide Silenced",
    "Compass Fire Dead Destroy": "Compass Fire Dead Destroy",
    "Compass Static HUD display": "Compass Static HUD display",
    "Compass Static Airdrop display": "Compass Static Airdrop display",
    "Compass Static Exfiltration display": "Compass Static Exfiltration display",
    "Compass Static Quest display": "Compass Static Quest display",
    "Compass Static Info HUD display": "Compass Static Info HUD display",
    "Compass Static Distance HUD display": "Compass Static Distance HUD display",
    "Compass Static InZone HUD display": "Compass Static InZone HUD display",
    "Compass Static Hide Requirements": "Compass Static Hide Requirements",
    "Compass Static Hide Optional": "Compass Static Hide Optional",
    "Compass Static Hide Already Searched Airdrop": "Compass Static Hide Already Searched Airdrop",
    "Compass Auto Size Delta": "Compass Auto Size Delta",
    "FindItem": "FindItem",
    "LeaveItemAtLocation": "LeaveItemAtLocation",
    "PlaceBeacon": "PlaceBeacon",
    "VisitPlace": "VisitPlace",
    "InZone": "InZone",
    "Anchored Position": "Anchored Position",
    "Size Delta": "Size Delta",
    "Local Scale": "Local Scale",
    "Compass Fire Size Delta": "Compass Fire Size Delta",
    "Compass Fire Outline Size Delta": "Compass Fire Outline Size Delta",
    "Compass Fire Direction Anchored Position": "Compass Fire Direction Anchored Position",
    "Compass Fire Direction Local Scale": "Compass Fire Direction Local Scale",
    "Compass Static Info Anchored Position": "Compass Static Info Anchored Position",
    "Compass Static Info Local Scale": "Compass Static Info Local Scale",
    "Compass Fire Active Speed": "Compass Fire Active Speed",
    "Compass Fire Wait Speed": "Compass Fire Wait Speed",
    "Compass Fire To Small Speed": "Compass Fire To Small Speed",
    "Compass Fire Small Wait Speed": "Compass Fire Small Wait Speed",
    "Compass Fire Height": "Compass Fire Height",
    "Compass Static Height": "Compass Static Height",
    "Compass Fire Max Distance": "Compass Fire Max Distance",
    "Fire distance <= How many meters display": "Fire distance <= How many meters display",
    "Compass Static Center Point Range": "Compass Static Center Point Range",
    "Auto Size Delta Rate": "Auto Size Delta Rate",
    "Screen percentage": "Screen percentage",
    "Arrow": "Arrow",
    "Azimuths": "Azimuths",
    "Azimuths Angle": "Azimuths Angle",
    "Direction": "Direction",
    "Angle": "Angle",
    "Compass Fire": "Compass Fire",
    "Compass Fire Outline": "Compass Fire Outline",
    "Compass Boss Fire": "Compass Boss Fire",
    "Compass Boss Fire Outline": "Compass Boss Fire Outline",
    "Compass Follower Fire": "Compass Follower Fire",
    "Compass Follower Outline": "Compass Follower Outline",
    "Compass Static Name": "Compass Static Name",
    "Compass Static Description": "Compass Static Description",
    "Compass Static Optional": "Compass Static Optional",
    "Compass Static Requirements": "Compass Static Requirements",
    "Compass Static Distance": "Compass Static Distance",
    "Compass Static Meters": "Compass Static Meters",
    "Compass Static InZone": "Compass Static InZone",
    "Compass Fire Direction": "Compass Fire Direction",
    "Compass Static Info Auto Size Delta": "Compass Static Info Auto Size Delta",
    "Compass Static Info Size Delta": "Compass Static Info Size Delta",
    "Immersive Compass": "Immersive Compass",
    "Immersive Compass Wait Time": "Immersive Compass Wait Time"
}