[
  {
    "name": "171c_Waypoint",
    "position": {
      "x": 10.081,
      "y": 0.0,
      "z": -2.127
    },
    "connectedTo": [
      "b749_Waypoint",
      "b203_Waypoint",
      "4810_MedStation_L3",
      "9142_MedStation_L2",
      "2d28_MedStation_L2",
      "8e0f_MedStation_L2",
      "209a_MedStation_L1",
      "be9a_MedStation_L3"
    ],
    "forwardJump": false,
    "areaType": "NotSet",
    "areaLevel": -1,
    "poseRotation": 0.0,
    "poseParameters": []
  },
  {
    "name": "b749_Waypoint",
    "position": {
      "x": 10.333,
      "y": 0.0,
      "z": -2.991
    },
    "connectedTo": [
      "ccb7_Waypoint",
      "171c_Waypoint",
      "b203_Waypoint",
      "8e0f_MedStation_L2",
      "c7eb_Kitchen_L3"
    ],
    "forwardJump": false,
    "areaType": "NotSet",
    "areaLevel": -1,
    "poseRotation": 0.0,
    "poseParameters": []
  },
  {
    "name": "ccb7_Waypoint",
    "position": {
      "x": 12.669,
      "y": 0.0,
      "z": -3.048
    },
    "connectedTo": [
      "3c5d_Waypoint",
      "b749_Waypoint",
      "d045_Waypoint",
      "4660_Waypoint",
      "8e0f_MedStation_L2",
      "209a_MedStation_L1",
      "9f57_RestSpace_L1",
      "c7eb_Kitchen_L3"
    ],
    "forwardJump": false,
    "areaType": "NotSet",
    "areaLevel": -1,
    "poseRotation": 0.0,
    "poseParameters": []
  },
  {
    "name": "3c5d_Waypoint",
    "position": {
      "x": 12.847,
      "y": 0.0,
      "z": -1.509
    },
    "connectedTo": [
      "ccb7_Waypoint",
      "ad37_Waypoint"
    ],
    "forwardJump": false,
    "areaType": "NotSet",
    "areaLevel": -1,
    "poseRotation": 0.0,
    "poseParameters": []
  },
  {
    "name": "4660_Waypoint",
    "position": {
      "x": 15.088,
      "y": 0.0,
      "z": -2.937
    },
    "connectedTo": [
      "d045_Waypoint",
      "ccb7_Waypoint",
      "fe02_Library_L1",
      "ad37_Waypoint",
      "f001_Heating_L3",
      "1e83_Waypoint",
      "9f57_RestSpace_L1"
    ],
    "forwardJump": false,
    "areaType": "NotSet",
    "areaLevel": -1,
    "poseRotation": 0.0,
    "poseParameters": []
  },
  {
    "name": "1e83_Waypoint",
    "position": {
      "x": 15.663,
      "y": 0.0,
      "z": -1.296
    },
    "connectedTo": [
      "c595_RestSpace_L3",
      "a57a_RestSpace_L2_POSE",
      "ad37_Waypoint",
      "4660_Waypoint",
      "fe02_Library_L1"
    ],
    "forwardJump": false,
    "areaType": "NotSet",
    "areaLevel": -1,
    "poseRotation": 0.0,
    "poseParameters": []
  },
  {
    "name": "ad37_Waypoint",
    "position": {
      "x": 14.315,
      "y": 0.0,
      "z": -1.285
    },
    "connectedTo": [
      "3c5d_Waypoint",
      "877a_RestSpace_L2_POSE",
      "473b_RestSpace_L3_POSE",
      "0aef_RestSpace_L1_POSE",
      "4660_Waypoint",
      "1e83_Waypoint",
      "fe02_Library_L1",
      "9f57_RestSpace_L1"
    ],
    "forwardJump": false,
    "areaType": "NotSet",
    "areaLevel": -1,
    "poseRotation": 0.0,
    "poseParameters": []
  },
  {
    "name": "d045_Waypoint",
    "position": {
      "x": 14.403,
      "y": 0.0,
      "z": -3.951
    },
    "connectedTo": [
      "ccb7_Waypoint",
      "4660_Waypoint",
      "0e35_Heating_L1",
      "faae_Heating_L2",
      "f001_Heating_L3"
    ],
    "forwardJump": false,
    "areaType": "NotSet",
    "areaLevel": -1,
    "poseRotation": 161.044632,
    "poseParameters": []
  },
  {
    "name": "b203_Waypoint",
    "position": {
      "x": 8.589,
      "y": 0.0,
      "z": -2.874
    },
    "connectedTo": [
      "171c_Waypoint",
      "b749_Waypoint",
      "3fca_Waypoint",
      "be9a_MedStation_L3",
      "2d28_MedStation_L2",
      "bb04_Waypoint",
      "b36c_Waypoint",
      "c7eb_Kitchen_L3"
    ],
    "forwardJump": false,
    "areaType": "NotSet",
    "areaLevel": -1,
    "poseRotation": 0.0,
    "poseParameters": []
  },
  {
    "name": "3f27_Waypoint",
    "position": {
      "x": 4.707,
      "y": 0.0,
      "z": -2.447
    },
    "connectedTo": [
      "3fca_Waypoint",
      "c4b8_Waypoint",
      "b36c_Waypoint",
      "bb04_Waypoint"
    ],
    "forwardJump": false,
    "areaType": "NotSet",
    "areaLevel": -1,
    "poseRotation": 0.0,
    "poseParameters": []
  },
  {
    "name": "3fca_Waypoint",
    "position": {
      "x": 7.135,
      "y": 0.0,
      "z": -2.771
    },
    "connectedTo": [
      "3f27_Waypoint",
      "b203_Waypoint",
      "b36c_Waypoint",
      "574c_Kitchen_L2",
      "bb04_Waypoint"
    ],
    "forwardJump": false,
    "areaType": "NotSet",
    "areaLevel": -1,
    "poseRotation": 0.0,
    "poseParameters": []
  },
  {
    "name": "c4b8_Waypoint",
    "position": {
      "x": 2.595,
      "y": 0.0,
      "z": -2.308
    },
    "connectedTo": [
      "3f27_Waypoint",
      "1ea8_WaterCollector_L3",
      "25a2_Waypoint",
      "e508_WaterCollector_L2",
      "512f_ShootingRange_L1_POSE",
      "b36c_Waypoint",
      "13ff_ShootingRange_L3_POSE",
      "1062_ShootingRange_L2_POSE"
    ],
    "forwardJump": false,
    "areaType": "NotSet",
    "areaLevel": -1,
    "poseRotation": 0.0,
    "poseParameters": []
  },
  {
    "name": "25a2_Waypoint",
    "position": {
      "x": 0.534,
      "y": 0.0,
      "z": -3.108
    },
    "connectedTo": [
      "f5ae_Generator_L3",
      "c4b8_Waypoint",
      "fbb8_Waypoint",
      "b36c_Waypoint",
      "42c5_Waypoint",
      "5912_SolarPower_L1",
      "668c_Waypoint"
    ],
    "forwardJump": false,
    "areaType": "NotSet",
    "areaLevel": -1,
    "poseRotation": 0.0,
    "poseParameters": []
  },
  {
    "name": "b36c_Waypoint",
    "position": {
      "x": 5.623,
      "y": 0.0,
      "z": -4.17
    },
    "connectedTo": [
      "3fca_Waypoint",
      "33f8_Kitchen_L3_POSE",
      "2b03_Kitchen_L1",
      "3f27_Waypoint",
      "822b_Kitchen_L2_POSE",
      "25a2_Waypoint",
      "c4b8_Waypoint",
      "b203_Waypoint"
    ],
    "forwardJump": false,
    "areaType": "NotSet",
    "areaLevel": -1,
    "poseRotation": 0.0,
    "poseParameters": []
  },
  {
    "name": "fbb8_Waypoint",
    "position": {
      "x": -1.148,
      "y": 0.0,
      "z": -2.119
    },
    "connectedTo": [
      "21bc_Waypoint",
      "25a2_Waypoint",
      "42c5_Waypoint",
      "2be7_Waypoint"
    ],
    "forwardJump": false,
    "areaType": "NotSet",
    "areaLevel": -1,
    "poseRotation": 0.0,
    "poseParameters": []
  },
  {
    "name": "21bc_Waypoint",
    "position": {
      "x": -2.43457222,
      "y": 0.0,
      "z": -0.1754334
    },
    "connectedTo": [
      "4b86_Waypoint",
      "fbb8_Waypoint",
      "5ca5_Waypoint",
      "117c_Waypoint",
      "42c5_Waypoint",
      "2be7_Waypoint",
      "c15b_Waypoint",
      "4cd9_Waypoint"
    ],
    "forwardJump": false,
    "areaType": "NotSet",
    "areaLevel": -1,
    "poseRotation": 0.0,
    "poseParameters": []
  },
  {
    "name": "4b86_Waypoint",
    "position": {
      "x": -3.62791324,
      "y": 2.38418579E-07,
      "z": 1.84881091
    },
    "connectedTo": [
      "5dd0_Waypoint",
      "21bc_Waypoint",
      "5ca5_Waypoint",
      "4cd9_Waypoint",
      "4e81_Stash_L4_POSE",
      "c639_Stash_L3_POSE",
      "ab5e_Stash_L2"
    ],
    "forwardJump": false,
    "areaType": "NotSet",
    "areaLevel": -1,
    "poseRotation": 0.0,
    "poseParameters": []
  },
  {
    "name": "5aa9_Waypoint",
    "position": {
      "x": -4.60407925,
      "y": 2.38418579E-07,
      "z": 4.872308
    },
    "connectedTo": [
      "2166_Waypoint",
      "5dd0_Waypoint",
      "ed1f_WaterCloset_L2"
    ],
    "forwardJump": false,
    "areaType": "NotSet",
    "areaLevel": -1,
    "poseRotation": 0.0,
    "poseParameters": []
  },
  {
    "name": "146e_Waypoint",
    "position": {
      "x": -4.889,
      "y": 4.76837158E-07,
      "z": 7.225
    },
    "connectedTo": [
      "2166_Waypoint",
      "c3b4_WaterCloset_L3",
      "5fbb_Waypoint"
    ],
    "forwardJump": false,
    "areaType": "NotSet",
    "areaLevel": -1,
    "poseRotation": 0.0,
    "poseParameters": []
  },
  {
    "name": "2166_Waypoint",
    "position": {
      "x": -4.414,
      "y": 2.38418579E-07,
      "z": 6.292
    },
    "connectedTo": [
      "146e_Waypoint",
      "5aa9_Waypoint",
      "5fbb_Waypoint"
    ],
    "forwardJump": false,
    "areaType": "NotSet",
    "areaLevel": -1,
    "poseRotation": 0.0,
    "poseParameters": []
  },
  {
    "name": "5dd0_Waypoint",
    "position": {
      "x": -4.467532,
      "y": 4.76837158E-07,
      "z": 3.53140783
    },
    "connectedTo": [
      "4b86_Waypoint",
      "5aa9_Waypoint",
      "ed1f_WaterCloset_L2",
      "c639_Stash_L3_POSE",
      "ab5e_Stash_L2"
    ],
    "forwardJump": false,
    "areaType": "NotSet",
    "areaLevel": -1,
    "poseRotation": 0.0,
    "poseParameters": []
  },
  {
    "name": "5ca5_Waypoint",
    "position": {
      "x": -1.585,
      "y": 0.0,
      "z": 2.137
    },
    "connectedTo": [
      "9296_Waypoint",
      "21bc_Waypoint",
      "9d16_IntelligenceCenter_L1",
      "117c_Waypoint",
      "50bb_IntelligenceCenter_L2",
      "42c5_Waypoint",
      "4b86_Waypoint"
    ],
    "forwardJump": false,
    "areaType": "NotSet",
    "areaLevel": -1,
    "poseRotation": 0.0,
    "poseParameters": []
  },
  {
    "name": "9296_Waypoint",
    "position": {
      "x": -1.478,
      "y": 0.0,
      "z": 5.581
    },
    "connectedTo": [
      "5ca5_Waypoint",
      "9e74_Workbench_L1",
      "6e42_Workbench_L2",
      "243b_Workbench_L3",
      "9202_Waypoint"
    ],
    "forwardJump": false,
    "areaType": "NotSet",
    "areaLevel": -1,
    "poseRotation": 0.0,
    "poseParameters": []
  },
  {
    "name": "42c5_Waypoint",
    "position": {
      "x": -0.376,
      "y": 0.0,
      "z": -0.859
    },
    "connectedTo": [
      "fbb8_Waypoint",
      "21bc_Waypoint",
      "25a2_Waypoint",
      "c1fb_BitcoinFarm_AL",
      "5ca5_Waypoint",
      "512f_ShootingRange_L1_POSE",
      "13ff_ShootingRange_L3_POSE",
      "1062_ShootingRange_L2_POSE"
    ],
    "forwardJump": false,
    "areaType": "NotSet",
    "areaLevel": -1,
    "poseRotation": 0.0,
    "poseParameters": []
  },
  {
    "name": "117c_Waypoint",
    "position": {
      "x": 0.194,
      "y": 0.0,
      "z": 1.116
    },
    "connectedTo": [
      "2b7e_BitcoinFarm_AL",
      "6b25_IntelligenceCenter_L2_POSE",
      "50bb_IntelligenceCenter_L2",
      "5ca5_Waypoint",
      "21bc_Waypoint"
    ],
    "forwardJump": false,
    "areaType": "NotSet",
    "areaLevel": -1,
    "poseRotation": 0.0,
    "poseParameters": []
  },
  {
    "name": "2be7_Waypoint",
    "position": {
      "x": -2.876,
      "y": 0.0,
      "z": -2.717
    },
    "connectedTo": [
      "668c_Waypoint",
      "fbb8_Waypoint",
      "21bc_Waypoint",
      "5912_SolarPower_L1",
      "c15b_Waypoint"
    ],
    "forwardJump": false,
    "areaType": "NotSet",
    "areaLevel": -1,
    "poseRotation": 0.0,
    "poseParameters": []
  },
  {
    "name": "668c_Waypoint",
    "position": {
      "x": -4.486,
      "y": 0.0,
      "z": -4.186
    },
    "connectedTo": [
      "7022_Waypoint",
      "2be7_Waypoint",
      "25a2_Waypoint"
    ],
    "forwardJump": false,
    "areaType": "NotSet",
    "areaLevel": -1,
    "poseRotation": 0.0,
    "poseParameters": []
  },
  {
    "name": "7022_Waypoint",
    "position": {
      "x": -6.122,
      "y": 0.0,
      "z": -5.779
    },
    "connectedTo": [
      "b41d_Security_L0_POSE",
      "a168_Security_L1_POSE",
      "60f9_Security_L2_POSE",
      "668c_Waypoint",
      "6e5e_ScavCase_L1"
    ],
    "forwardJump": false,
    "areaType": "NotSet",
    "areaLevel": -1,
    "poseRotation": 0.0,
    "poseParameters": []
  },
  {
    "name": "5fbb_Waypoint",
    "position": {
      "x": -3.02116728,
      "y": 2.38418579E-07,
      "z": 7.164547
    },
    "connectedTo": [
      "2166_Waypoint",
      "146e_Waypoint",
      "9202_Waypoint"
    ],
    "forwardJump": false,
    "areaType": "NotSet",
    "areaLevel": -1,
    "poseRotation": 0.0,
    "poseParameters": []
  },
  {
    "name": "9202_Waypoint",
    "position": {
      "x": -1.65881872,
      "y": 0.0,
      "z": 6.625329
    },
    "connectedTo": [
      "5fbb_Waypoint",
      "9296_Waypoint"
    ],
    "forwardJump": false,
    "areaType": "NotSet",
    "areaLevel": -1,
    "poseRotation": 0.0,
    "poseParameters": []
  },
  {
    "name": "bb04_Waypoint",
    "position": {
      "x": 6.809,
      "y": 0.0,
      "z": -0.612
    },
    "connectedTo": [
      "3fca_Waypoint",
      "3f27_Waypoint",
      "be9a_MedStation_L3",
      "b203_Waypoint",
      "0ce0_Waypoint"
    ],
    "forwardJump": false,
    "areaType": "NotSet",
    "areaLevel": -1,
    "poseRotation": 0.0,
    "poseParameters": []
  },
  {
    "name": "0ce0_Waypoint",
    "position": {
      "x": 6.87,
      "y": 0.0,
      "z": 1.839
    },
    "connectedTo": [
      "61ef_EquipmentPresetsStand_L1",
      "bb04_Waypoint",
      "2b42_Waypoint",
      "2be6_Waypoint",
      "190f_EquipmentPresetsStand_L2",
      "a11d_EquipmentPresetsStand_L3"
    ],
    "forwardJump": false,
    "areaType": "NotSet",
    "areaLevel": -1,
    "poseRotation": 0.0,
    "poseParameters": []
  },
  {
    "name": "2be6_Waypoint",
    "position": {
      "x": 9.012,
      "y": 0.0,
      "z": 6.248
    },
    "connectedTo": [
      "0ce0_Waypoint",
      "c0b5_Waypoint",
      "db95_Gym_L1_POSE"
    ],
    "forwardJump": false,
    "areaType": "NotSet",
    "areaLevel": -1,
    "poseRotation": 0.0,
    "poseParameters": []
  },
  {
    "name": "b93f_Waypoint",
    "position": {
      "x": 8.482,
      "y": 0.01,
      "z": 10.354
    },
    "connectedTo": [
      "710d_Waypoint",
      "fd8e_Gym_L1",
      "9ca2_Waypoint",
      "c0b5_Waypoint",
      "db95_Gym_L1_POSE"
    ],
    "forwardJump": false,
    "areaType": "NotSet",
    "areaLevel": -1,
    "poseRotation": 0.0,
    "poseParameters": []
  },
  {
    "name": "710d_Waypoint",
    "position": {
      "x": 4.771,
      "y": 0.0096,
      "z": 10.3
    },
    "connectedTo": [
      "b93f_Waypoint",
      "2b42_Waypoint",
      "8cbe_Gym_L1",
      "899e_PlaceOfFame_L2",
      "5a5c_PlaceOfFame_L2",
      "cd90_PlaceOfFame_L1",
      "fcd0_PlaceOfFame_L3_POSE"
    ],
    "forwardJump": false,
    "areaType": "NotSet",
    "areaLevel": -1,
    "poseRotation": 0.0,
    "poseParameters": []
  },
  {
    "name": "2b42_Waypoint",
    "position": {
      "x": 4.098,
      "y": 0.007999897,
      "z": 7.285
    },
    "connectedTo": [
      "0ce0_Waypoint",
      "61ef_EquipmentPresetsStand_L1",
      "671d_EquipmentPresetsStand_L1_POSE",
      "710d_Waypoint",
      "899e_PlaceOfFame_L2",
      "5a5c_PlaceOfFame_L2",
      "cd90_PlaceOfFame_L1",
      "fcd0_PlaceOfFame_L3_POSE",
      "3ef9_EquipmentPresetsStand_L1_POSE",
      "7c88_EquipmentPresetsStand_L2",
      "ce91_EquipmentPresetsStand_L3"
    ],
    "forwardJump": false,
    "areaType": "NotSet",
    "areaLevel": -1,
    "poseRotation": 0.0,
    "poseParameters": []
  },
  {
    "name": "9ca2_Waypoint",
    "position": {
      "x": 7.121,
      "y": 0.015,
      "z": 9.034
    },
    "connectedTo": [
      "899e_PlaceOfFame_L2",
      "b93f_Waypoint",
      "c0b5_Waypoint"
    ],
    "forwardJump": false,
    "areaType": "NotSet",
    "areaLevel": -1,
    "poseRotation": 0.0,
    "poseParameters": []
  },
  {
    "name": "c0b5_Waypoint",
    "position": {
      "x": 8.726,
      "y": 0.00999999,
      "z": 8.872
    },
    "connectedTo": [
      "9ca2_Waypoint",
      "b93f_Waypoint",
      "2be6_Waypoint",
      "db95_Gym_L1_POSE"
    ],
    "forwardJump": false,
    "areaType": "NotSet",
    "areaLevel": -1,
    "poseRotation": 0.0,
    "poseParameters": []
  },
  {
    "name": "c15b_Waypoint",
    "position": {
      "x": -4.285,
      "y": -2.38418579E-07,
      "z": -1.45
    },
    "connectedTo": [
      "4cd9_Waypoint",
      "21bc_Waypoint",
      "2be7_Waypoint"
    ],
    "forwardJump": false,
    "areaType": "NotSet",
    "areaLevel": -1,
    "poseRotation": 0.0,
    "poseParameters": []
  },
  {
    "name": "4cd9_Waypoint",
    "position": {
      "x": -4.671,
      "y": -2.38418579E-07,
      "z": 0.132
    },
    "connectedTo": [
      "4b86_Waypoint",
      "c15b_Waypoint",
      "21bc_Waypoint",
      "4e81_Stash_L4_POSE",
      "c639_Stash_L3_POSE",
      "ab5e_Stash_L2",
      "79fc_Stash_L2"
    ],
    "forwardJump": false,
    "areaType": "NotSet",
    "areaLevel": -1,
    "poseRotation": 0.0,
    "poseParameters": []
  },
  {
    "name": "b41d_Security_L0_POSE",
    "position": {
      "x": -8.824,
      "y": 0.0309,
      "z": -7.168
    },
    "connectedTo": [
      "7022_Waypoint"
    ],
    "forwardJump": false,
    "areaType": "Security",
    "areaLevel": 0,
    "poseRotation": 37.94974,
    "poseParameters": [
      {
        "Name": "Defecating",
        "Type": "Bool",
        "BoolValue": true,
        "FloatValue": 0.0,
        "IntValue": 0
      }
    ]
  },
  {
    "name": "a168_Security_L1_POSE",
    "position": {
      "x": -7.741,
      "y": 0.0,
      "z": -8.661
    },
    "connectedTo": [
      "7022_Waypoint"
    ],
    "forwardJump": false,
    "areaType": "Security",
    "areaLevel": 1,
    "poseRotation": 0.0,
    "poseParameters": [
      {
        "Name": "Defecating",
        "Type": "Bool",
        "BoolValue": true,
        "FloatValue": 0.0,
        "IntValue": 0
      }
    ]
  },
  {
    "name": "60f9_Security_L2_POSE",
    "position": {
      "x": -7.476,
      "y": 0.0,
      "z": -8.233
    },
    "connectedTo": [
      "7022_Waypoint"
    ],
    "forwardJump": false,
    "areaType": "Security",
    "areaLevel": 2,
    "poseRotation": 0.0,
    "poseParameters": [
      {
        "Name": "Defecating",
        "Type": "Bool",
        "BoolValue": true,
        "FloatValue": 0.0,
        "IntValue": 0
      }
    ]
  },
  {
    "name": "c3b4_WaterCloset_L3",
    "position": {
      "x": -6.008,
      "y": 0.0,
      "z": 6.387
    },
    "connectedTo": [
      "3618_WaterCloset_L3",
      "146e_Waypoint"
    ],
    "forwardJump": false,
    "areaType": "WaterCloset",
    "areaLevel": 3,
    "poseRotation": 0.0,
    "poseParameters": []
  },
  {
    "name": "3618_WaterCloset_L3",
    "position": {
      "x": -6.371,
      "y": 0.163,
      "z": 6.197
    },
    "connectedTo": [
      "2806_WaterCloset_L3_POSE",
      "c3b4_WaterCloset_L3"
    ],
    "forwardJump": false,
    "areaType": "WaterCloset",
    "areaLevel": 3,
    "poseRotation": 0.0,
    "poseParameters": []
  },
  {
    "name": "2806_WaterCloset_L3_POSE",
    "position": {
      "x": -6.877,
      "y": 0.6057,
      "z": 6.254
    },
    "connectedTo": [
      "3618_WaterCloset_L3"
    ],
    "forwardJump": false,
    "areaType": "WaterCloset",
    "areaLevel": 3,
    "poseRotation": 91.2597656,
    "poseParameters": [
      {
        "Name": "Defecating",
        "Type": "Bool",
        "BoolValue": true,
        "FloatValue": 0.0,
        "IntValue": 0
      }
    ]
  },
  {
    "name": "ed1f_WaterCloset_L2",
    "position": {
      "x": -5.729,
      "y": 0.0,
      "z": 4.388
    },
    "connectedTo": [
      "5dd0_Waypoint",
      "5aa9_Waypoint",
      "aa3f_WaterCloset_L2"
    ],
    "forwardJump": false,
    "areaType": "WaterCloset",
    "areaLevel": 2,
    "poseRotation": 0.0,
    "poseParameters": []
  },
  {
    "name": "aa3f_WaterCloset_L2",
    "position": {
      "x": -6.259,
      "y": 0.1237,
      "z": 4.44
    },
    "connectedTo": [
      "e96e_WaterCloset_L2_POSE",
      "ed1f_WaterCloset_L2"
    ],
    "forwardJump": false,
    "areaType": "WaterCloset",
    "areaLevel": 2,
    "poseRotation": 271.734436,
    "poseParameters": []
  },
  {
    "name": "e96e_WaterCloset_L2_POSE",
    "position": {
      "x": -6.8735,
      "y": 0.527,
      "z": 4.3927
    },
    "connectedTo": [
      "aa3f_WaterCloset_L2"
    ],
    "forwardJump": false,
    "areaType": "WaterCloset",
    "areaLevel": 2,
    "poseRotation": 90.41485,
    "poseParameters": [
      {
        "Name": "Defecating",
        "Type": "Bool",
        "BoolValue": true,
        "FloatValue": 0.0,
        "IntValue": 0
      }
    ]
  },
  {
    "name": "4e81_Stash_L4_POSE",
    "position": {
      "x": -5.528,
      "y": 0.0,
      "z": 0.792
    },
    "connectedTo": [
      "4b86_Waypoint",
      "4cd9_Waypoint"
    ],
    "forwardJump": false,
    "areaType": "Stash",
    "areaLevel": 4,
    "poseRotation": 126.067039,
    "poseParameters": [
      {
        "Name": "Sitting",
        "Type": "Bool",
        "BoolValue": true,
        "FloatValue": 0.0,
        "IntValue": 0
      }
    ]
  },
  {
    "name": "c639_Stash_L3_POSE",
    "position": {
      "x": -5.653,
      "y": 0.0,
      "z": 1.97
    },
    "connectedTo": [
      "4cd9_Waypoint",
      "4b86_Waypoint",
      "5dd0_Waypoint"
    ],
    "forwardJump": false,
    "areaType": "Stash",
    "areaLevel": 3,
    "poseRotation": 129.27504,
    "poseParameters": [
      {
        "Name": "Sitting",
        "Type": "Bool",
        "BoolValue": true,
        "FloatValue": 0.0,
        "IntValue": 0
      }
    ]
  },
  {
    "name": "4fae_Stash_L2_POSE",
    "position": {
      "x": -6.898,
      "y": 1.108,
      "z": 1.897
    },
    "connectedTo": [
      "a789_Stash_L2"
    ],
    "forwardJump": false,
    "areaType": "Stash",
    "areaLevel": 2,
    "poseRotation": 89.0439453,
    "poseParameters": [
      {
        "Name": "LyingBelly",
        "Type": "Bool",
        "BoolValue": true,
        "FloatValue": 0.0,
        "IntValue": 0
      }
    ]
  },
  {
    "name": "a789_Stash_L2",
    "position": {
      "x": -7.041,
      "y": 0.555,
      "z": 1.261
    },
    "connectedTo": [
      "79fc_Stash_L2",
      "4fae_Stash_L2_POSE"
    ],
    "forwardJump": false,
    "areaType": "Stash",
    "areaLevel": 2,
    "poseRotation": 0.0,
    "poseParameters": []
  },
  {
    "name": "79fc_Stash_L2",
    "position": {
      "x": -6.467,
      "y": 0.032,
      "z": 0.915
    },
    "connectedTo": [
      "a789_Stash_L2",
      "ab5e_Stash_L2",
      "4cd9_Waypoint"
    ],
    "forwardJump": false,
    "areaType": "Stash",
    "areaLevel": 2,
    "poseRotation": 357.56076,
    "poseParameters": []
  },
  {
    "name": "ab5e_Stash_L2",
    "position": {
      "x": -4.979,
      "y": 0.0,
      "z": 1.658
    },
    "connectedTo": [
      "4b86_Waypoint",
      "4cd9_Waypoint",
      "5dd0_Waypoint",
      "79fc_Stash_L2"
    ],
    "forwardJump": false,
    "areaType": "Stash",
    "areaLevel": 2,
    "poseRotation": 133.903854,
    "poseParameters": []
  },
  {
    "name": "f5ae_Generator_L3",
    "position": {
      "x": 0.666,
      "y": 0.0,
      "z": -3.945
    },
    "connectedTo": [
      "69ab_Generator_L3",
      "b341_Generator_L3"
    ],
    "forwardJump": false,
    "areaType": "Generator",
    "areaLevel": 3,
    "poseRotation": 0.0,
    "poseParameters": []
  },
  {
    "name": "69ab_Generator_L3",
    "position": {
      "x": 0.669,
      "y": 1.112,
      "z": -4.64
    },
    "connectedTo": [
      "2504_Generator_L3"
    ],
    "forwardJump": false,
    "areaType": "Generator",
    "areaLevel": 3,
    "poseRotation": 0.0,
    "poseParameters": []
  },
  {
    "name": "2504_Generator_L3",
    "position": {
      "x": 0.183,
      "y": 1.6487,
      "z": -5.255
    },
    "connectedTo": [
      "f0c9_Generator_L3_POSE",
      "f88b_Generator_L3"
    ],
    "forwardJump": false,
    "areaType": "Generator",
    "areaLevel": 3,
    "poseRotation": 0.0,
    "poseParameters": []
  },
  {
    "name": "f0c9_Generator_L3_POSE",
    "position": {
      "x": -1.113,
      "y": 1.6487,
      "z": -5.39
    },
    "connectedTo": [
      "f88b_Generator_L3"
    ],
    "forwardJump": false,
    "areaType": "Generator",
    "areaLevel": 3,
    "poseRotation": 19.14253,
    "poseParameters": [
      {
        "Name": "LyingSide",
        "Type": "Bool",
        "BoolValue": true,
        "FloatValue": 0.0,
        "IntValue": 0
      }
    ]
  },
  {
    "name": "f88b_Generator_L3",
    "position": {
      "x": -0.386,
      "y": 1.641,
      "z": -5.173
    },
    "connectedTo": [
      "b341_Generator_L3",
      "2504_Generator_L3"
    ],
    "forwardJump": false,
    "areaType": "Generator",
    "areaLevel": 3,
    "poseRotation": 0.0,
    "poseParameters": []
  },
  {
    "name": "b341_Generator_L3",
    "position": {
      "x": -0.304,
      "y": 0.034,
      "z": -4.23
    },
    "connectedTo": [
      "f5ae_Generator_L3",
      "fbb8_Waypoint",
      "25a2_Waypoint",
      "668c_Waypoint",
      "5912_SolarPower_L1"
    ],
    "forwardJump": false,
    "areaType": "Generator",
    "areaLevel": 3,
    "poseRotation": 0.0,
    "poseParameters": []
  },
  {
    "name": "0e35_Heating_L1",
    "position": {
      "x": 14.389,
      "y": 0.0,
      "z": -4.969
    },
    "connectedTo": [
      "d045_Waypoint",
      "7b0e_Heating_L1_POSE"
    ],
    "forwardJump": false,
    "areaType": "Heating",
    "areaLevel": 1,
    "poseRotation": 0.0,
    "poseParameters": []
  },
  {
    "name": "7b0e_Heating_L1_POSE",
    "position": {
      "x": 14.3222,
      "y": 0.5158,
      "z": -5.6864
    },
    "connectedTo": [
      "0e35_Heating_L1"
    ],
    "forwardJump": false,
    "areaType": "Heating",
    "areaLevel": 1,
    "poseRotation": 41.2075348,
    "poseParameters": [
      {
        "Name": "LyingBelly",
        "Type": "Bool",
        "BoolValue": true,
        "FloatValue": 0.0,
        "IntValue": 0
      }
    ]
  },
  {
    "name": "faae_Heating_L2",
    "position": {
      "x": 14.254,
      "y": 0.0,
      "z": -4.908
    },
    "connectedTo": [
      "d045_Waypoint",
      "e6f3_Heating_L2_POSE"
    ],
    "forwardJump": false,
    "areaType": "Heating",
    "areaLevel": 2,
    "poseRotation": 0.0,
    "poseParameters": []
  },
  {
    "name": "e6f3_Heating_L2_POSE",
    "position": {
      "x": 14.185,
      "y": 0.5142,
      "z": -5.522
    },
    "connectedTo": [
      "faae_Heating_L2"
    ],
    "forwardJump": false,
    "areaType": "Heating",
    "areaLevel": 2,
    "poseRotation": 83.11946,
    "poseParameters": [
      {
        "Name": "LyingSide",
        "Type": "Bool",
        "BoolValue": true,
        "FloatValue": 0.0,
        "IntValue": 0
      }
    ]
  },
  {
    "name": "f001_Heating_L3",
    "position": {
      "x": 15.617,
      "y": 0.0,
      "z": -4.363
    },
    "connectedTo": [
      "d045_Waypoint",
      "af18_Heating_L3_POSE",
      "4660_Waypoint"
    ],
    "forwardJump": false,
    "areaType": "Heating",
    "areaLevel": 3,
    "poseRotation": 0.0,
    "poseParameters": []
  },
  {
    "name": "af18_Heating_L3_POSE",
    "position": {
      "x": 15.975,
      "y": 0.5157,
      "z": -4.94
    },
    "connectedTo": [
      "f001_Heating_L3"
    ],
    "forwardJump": false,
    "areaType": "Heating",
    "areaLevel": 3,
    "poseRotation": 223.098648,
    "poseParameters": [
      {
        "Name": "LyingSide",
        "Type": "Bool",
        "BoolValue": true,
        "FloatValue": 0.0,
        "IntValue": 0
      }
    ]
  },
  {
    "name": "e107_WaterCollector_L3",
    "position": {
      "x": 3.234,
      "y": 1.411,
      "z": -0.395
    },
    "connectedTo": [
      "6e07_WaterCollector_L3"
    ],
    "forwardJump": false,
    "areaType": "WaterCollector",
    "areaLevel": 3,
    "poseRotation": 0.0,
    "poseParameters": []
  },
  {
    "name": "6e07_WaterCollector_L3",
    "position": {
      "x": 4.082,
      "y": 1.666,
      "z": -0.605
    },
    "connectedTo": [
      "e107_WaterCollector_L3",
      "a16b_WaterCollector_L3"
    ],
    "forwardJump": true,
    "areaType": "WaterCollector",
    "areaLevel": 3,
    "poseRotation": 0.0,
    "poseParameters": []
  },
  {
    "name": "2b63_WaterCollector_L3",
    "position": {
      "x": 2.765,
      "y": 0.846,
      "z": -0.553
    },
    "connectedTo": [
      "e107_WaterCollector_L3",
      "1ea8_WaterCollector_L3"
    ],
    "forwardJump": false,
    "areaType": "WaterCollector",
    "areaLevel": 3,
    "poseRotation": 0.0,
    "poseParameters": []
  },
  {
    "name": "1ea8_WaterCollector_L3",
    "position": {
      "x": 2.108,
      "y": 0.0,
      "z": -1.036
    },
    "connectedTo": [
      "c4b8_Waypoint",
      "2b63_WaterCollector_L3",
      "c1fb_BitcoinFarm_AL",
      "13ff_ShootingRange_L3_POSE",
      "1062_ShootingRange_L2_POSE"
    ],
    "forwardJump": false,
    "areaType": "WaterCollector",
    "areaLevel": 3,
    "poseRotation": 0.0,
    "poseParameters": []
  },
  {
    "name": "0d5b_WaterCollector_L3",
    "position": {
      "x": 4.669,
      "y": 1.671,
      "z": -1.525
    },
    "connectedTo": [
      "3f27_Waypoint"
    ],
    "forwardJump": false,
    "areaType": "WaterCollector",
    "areaLevel": 3,
    "poseRotation": 0.0,
    "poseParameters": []
  },
  {
    "name": "a16b_WaterCollector_L3",
    "position": {
      "x": 4.521,
      "y": 1.709,
      "z": -1.072
    },
    "connectedTo": [
      "0d5b_WaterCollector_L3"
    ],
    "forwardJump": false,
    "areaType": "WaterCollector",
    "areaLevel": 3,
    "poseRotation": 0.0,
    "poseParameters": []
  },
  {
    "name": "e508_WaterCollector_L2",
    "position": {
      "x": 2.401,
      "y": 0.0,
      "z": -1.179
    },
    "connectedTo": [
      "de45_WaterCollector_L2"
    ],
    "forwardJump": false,
    "areaType": "WaterCollector",
    "areaLevel": 2,
    "poseRotation": 0.0,
    "poseParameters": []
  },
  {
    "name": "de45_WaterCollector_L2",
    "position": {
      "x": 2.737,
      "y": 0.818,
      "z": -0.535
    },
    "connectedTo": [
      "c249_WaterCollector_L2"
    ],
    "forwardJump": false,
    "areaType": "WaterCollector",
    "areaLevel": 2,
    "poseRotation": 0.0,
    "poseParameters": []
  },
  {
    "name": "c249_WaterCollector_L2",
    "position": {
      "x": 3.268,
      "y": 1.39,
      "z": -0.333
    },
    "connectedTo": [
      "f7cd_WaterCollector_L2"
    ],
    "forwardJump": false,
    "areaType": "WaterCollector",
    "areaLevel": 2,
    "poseRotation": 0.0,
    "poseParameters": []
  },
  {
    "name": "f7cd_WaterCollector_L2",
    "position": {
      "x": 3.876,
      "y": 1.649,
      "z": -0.53
    },
    "connectedTo": [
      "068e_WaterCollector_L2_POSE"
    ],
    "forwardJump": true,
    "areaType": "WaterCollector",
    "areaLevel": 2,
    "poseRotation": 0.0,
    "poseParameters": []
  },
  {
    "name": "068e_WaterCollector_L2_POSE",
    "position": {
      "x": 4.215,
      "y": 1.719,
      "z": -0.616
    },
    "connectedTo": [
      "3f27_Waypoint"
    ],
    "forwardJump": false,
    "areaType": "WaterCollector",
    "areaLevel": 2,
    "poseRotation": 240.857391,
    "poseParameters": [
      {
        "Name": "Sitting",
        "Type": "Bool",
        "BoolValue": true,
        "FloatValue": 0.0,
        "IntValue": 0
      }
    ]
  },
  {
    "name": "8a65_MedStation_L3_POSE",
    "position": {
      "x": 11.293,
      "y": 0.8567,
      "z": -0.943
    },
    "connectedTo": [
      "4810_MedStation_L3"
    ],
    "forwardJump": false,
    "areaType": "MedStation",
    "areaLevel": 3,
    "poseRotation": 139.427979,
    "poseParameters": [
      {
        "Name": "LyingSide",
        "Type": "Bool",
        "BoolValue": true,
        "FloatValue": 0.0,
        "IntValue": 0
      }
    ]
  },
  {
    "name": "4810_MedStation_L3",
    "position": {
      "x": 10.863,
      "y": 0.0,
      "z": -1.304
    },
    "connectedTo": [
      "171c_Waypoint",
      "8a65_MedStation_L3_POSE"
    ],
    "forwardJump": false,
    "areaType": "MedStation",
    "areaLevel": 3,
    "poseRotation": 0.0,
    "poseParameters": []
  },
  {
    "name": "be9a_MedStation_L3",
    "position": {
      "x": 8.815,
      "y": 0.0,
      "z": -1.411
    },
    "connectedTo": [
      "b203_Waypoint",
      "171c_Waypoint",
      "bb04_Waypoint"
    ],
    "forwardJump": false,
    "areaType": "MedStation",
    "areaLevel": 3,
    "poseRotation": 0.0,
    "poseParameters": []
  },
  {
    "name": "8e0f_MedStation_L2",
    "position": {
      "x": 11.672,
      "y": 0.0,
      "z": -2.026
    },
    "connectedTo": [
      "171c_Waypoint",
      "9142_MedStation_L2",
      "ccb7_Waypoint",
      "b749_Waypoint"
    ],
    "forwardJump": false,
    "areaType": "MedStation",
    "areaLevel": 2,
    "poseRotation": 0.0,
    "poseParameters": []
  },
  {
    "name": "9142_MedStation_L2",
    "position": {
      "x": 11.415,
      "y": 0.0,
      "z": -1.004
    },
    "connectedTo": [
      "171c_Waypoint",
      "9da9_MedStation_L2_POSE",
      "8e0f_MedStation_L2"
    ],
    "forwardJump": false,
    "areaType": "MedStation",
    "areaLevel": 2,
    "poseRotation": 0.0,
    "poseParameters": []
  },
  {
    "name": "9da9_MedStation_L2_POSE",
    "position": {
      "x": 11.484,
      "y": 0.5793,
      "z": -0.417
    },
    "connectedTo": [
      "9142_MedStation_L2"
    ],
    "forwardJump": false,
    "areaType": "MedStation",
    "areaLevel": 2,
    "poseRotation": 267.247131,
    "poseParameters": [
      {
        "Name": "LyingBelly",
        "Type": "Bool",
        "BoolValue": true,
        "FloatValue": 0.0,
        "IntValue": 0
      }
    ]
  },
  {
    "name": "2d28_MedStation_L2",
    "position": {
      "x": 9.667,
      "y": 0.0,
      "z": -0.875
    },
    "connectedTo": [
      "171c_Waypoint",
      "b442_MedStation_L2_POSE",
      "b203_Waypoint"
    ],
    "forwardJump": false,
    "areaType": "MedStation",
    "areaLevel": 2,
    "poseRotation": 0.0,
    "poseParameters": []
  },
  {
    "name": "b442_MedStation_L2_POSE",
    "position": {
      "x": 10.433,
      "y": 0.0,
      "z": -0.37
    },
    "connectedTo": [
      "2d28_MedStation_L2"
    ],
    "forwardJump": false,
    "areaType": "MedStation",
    "areaLevel": 2,
    "poseRotation": 232.56134,
    "poseParameters": [
      {
        "Name": "Sitting",
        "Type": "Bool",
        "BoolValue": true,
        "FloatValue": 0.0,
        "IntValue": 0
      }
    ]
  },
  {
    "name": "209a_MedStation_L1",
    "position": {
      "x": 11.135,
      "y": 0.0,
      "z": -1.668
    },
    "connectedTo": [
      "171c_Waypoint",
      "3ac6_MedStation_L1_POSE",
      "ccb7_Waypoint"
    ],
    "forwardJump": false,
    "areaType": "MedStation",
    "areaLevel": 1,
    "poseRotation": 0.0,
    "poseParameters": []
  },
  {
    "name": "3ac6_MedStation_L1_POSE",
    "position": {
      "x": 11.267,
      "y": 0.172,
      "z": -0.605
    },
    "connectedTo": [
      "209a_MedStation_L1"
    ],
    "forwardJump": true,
    "areaType": "MedStation",
    "areaLevel": 1,
    "poseRotation": 232.468079,
    "poseParameters": [
      {
        "Name": "Sitting",
        "Type": "Bool",
        "BoolValue": true,
        "FloatValue": 0.0,
        "IntValue": 0
      }
    ]
  },
  {
    "name": "2b03_Kitchen_L1",
    "position": {
      "x": 5.814,
      "y": 0.0,
      "z": -4.983
    },
    "connectedTo": [
      "b36c_Waypoint",
      "08ee_Kitchen_L1_POSE"
    ],
    "forwardJump": false,
    "areaType": "Kitchen",
    "areaLevel": 1,
    "poseRotation": 0.0,
    "poseParameters": []
  },
  {
    "name": "08ee_Kitchen_L1_POSE",
    "position": {
      "x": 5.837,
      "y": 0.849,
      "z": -5.591
    },
    "connectedTo": [
      "2b03_Kitchen_L1"
    ],
    "forwardJump": false,
    "areaType": "Kitchen",
    "areaLevel": 1,
    "poseRotation": 247.737686,
    "poseParameters": [
      {
        "Name": "Eating",
        "Type": "Bool",
        "BoolValue": true,
        "FloatValue": 0.0,
        "IntValue": 0
      }
    ]
  },
  {
    "name": "574c_Kitchen_L2",
    "position": {
      "x": 6.519,
      "y": 0.0,
      "z": -5.1
    },
    "connectedTo": [
      "3fca_Waypoint",
      "4c17_Kitchen_L2"
    ],
    "forwardJump": false,
    "areaType": "Kitchen",
    "areaLevel": 2,
    "poseRotation": 0.0,
    "poseParameters": []
  },
  {
    "name": "822b_Kitchen_L2_POSE",
    "position": {
      "x": 5.553,
      "y": 0.759,
      "z": -4.738
    },
    "connectedTo": [
      "b36c_Waypoint",
      "4c17_Kitchen_L2"
    ],
    "forwardJump": false,
    "areaType": "Kitchen",
    "areaLevel": 2,
    "poseRotation": 188.3781,
    "poseParameters": [
      {
        "Name": "Eating",
        "Type": "Bool",
        "BoolValue": true,
        "FloatValue": 0.0,
        "IntValue": 0
      }
    ]
  },
  {
    "name": "4c17_Kitchen_L2",
    "position": {
      "x": 5.907,
      "y": 0.76,
      "z": -5.195
    },
    "connectedTo": [
      "822b_Kitchen_L2_POSE",
      "574c_Kitchen_L2"
    ],
    "forwardJump": false,
    "areaType": "Kitchen",
    "areaLevel": 2,
    "poseRotation": 0.0,
    "poseParameters": []
  },
  {
    "name": "33f8_Kitchen_L3_POSE",
    "position": {
      "x": 5.553,
      "y": 0.753,
      "z": -4.738
    },
    "connectedTo": [
      "b36c_Waypoint"
    ],
    "forwardJump": false,
    "areaType": "Kitchen",
    "areaLevel": 3,
    "poseRotation": 198.506958,
    "poseParameters": [
      {
        "Name": "Eating",
        "Type": "Bool",
        "BoolValue": true,
        "FloatValue": 0.0,
        "IntValue": 0
      }
    ]
  },
  {
    "name": "c7eb_Kitchen_L3",
    "position": {
      "x": 11.224,
      "y": 0.0,
      "z": -4.493
    },
    "connectedTo": [
      "ccb7_Waypoint",
      "f4d5_Kitchen_L3_POSE",
      "b749_Waypoint",
      "b203_Waypoint"
    ],
    "forwardJump": false,
    "areaType": "Kitchen",
    "areaLevel": 3,
    "poseRotation": 0.0,
    "poseParameters": []
  },
  {
    "name": "f4d5_Kitchen_L3_POSE",
    "position": {
      "x": 11.293,
      "y": 1.003,
      "z": -5.093
    },
    "connectedTo": [
      "c7eb_Kitchen_L3"
    ],
    "forwardJump": false,
    "areaType": "Kitchen",
    "areaLevel": 3,
    "poseRotation": 0.0,
    "poseParameters": [
      {
        "Name": "LyingBelly",
        "Type": "Bool",
        "BoolValue": true,
        "FloatValue": 0.0,
        "IntValue": 0
      }
    ]
  },
  {
    "name": "0aef_RestSpace_L1_POSE",
    "position": {
      "x": 15.417,
      "y": 0.205,
      "z": -0.885
    },
    "connectedTo": [
      "ad37_Waypoint",
      "9f57_RestSpace_L1"
    ],
    "forwardJump": true,
    "areaType": "RestSpace",
    "areaLevel": 1,
    "poseRotation": 139.590744,
    "poseParameters": [
      {
        "Name": "LyingSide",
        "Type": "Bool",
        "BoolValue": true,
        "FloatValue": 0.0,
        "IntValue": 0
      }
    ]
  },
  {
    "name": "9f57_RestSpace_L1",
    "position": {
      "x": 14.996,
      "y": 0.0,
      "z": -1.678
    },
    "connectedTo": [
      "4660_Waypoint",
      "0aef_RestSpace_L1_POSE",
      "ad37_Waypoint",
      "ccb7_Waypoint"
    ],
    "forwardJump": false,
    "areaType": "RestSpace",
    "areaLevel": 1,
    "poseRotation": 0.0,
    "poseParameters": []
  },
  {
    "name": "a57a_RestSpace_L2_POSE",
    "position": {
      "x": 15.7150927,
      "y": 0.596,
      "z": -0.6032072
    },
    "connectedTo": [
      "1e83_Waypoint"
    ],
    "forwardJump": false,
    "areaType": "RestSpace",
    "areaLevel": 2,
    "poseRotation": 180.907837,
    "poseParameters": [
      {
        "Name": "LyingSide",
        "Type": "Bool",
        "BoolValue": true,
        "FloatValue": 0.0,
        "IntValue": 0
      }
    ]
  },
  {
    "name": "877a_RestSpace_L2_POSE",
    "position": {
      "x": 14.2759085,
      "y": 0.400000036,
      "z": -0.6034045
    },
    "connectedTo": [
      "ad37_Waypoint"
    ],
    "forwardJump": false,
    "areaType": "RestSpace",
    "areaLevel": 2,
    "poseRotation": 154.183533,
    "poseParameters": [
      {
        "Name": "LyingSide",
        "Type": "Bool",
        "BoolValue": true,
        "FloatValue": 0.0,
        "IntValue": 0
      }
    ]
  },
  {
    "name": "f07b_RestSpace_L3_POSE",
    "position": {
      "x": 16.0603,
      "y": 0.667,
      "z": -0.5576
    },
    "connectedTo": [
      "c595_RestSpace_L3"
    ],
    "forwardJump": false,
    "areaType": "RestSpace",
    "areaLevel": 3,
    "poseRotation": 173.629562,
    "poseParameters": [
      {
        "Name": "LyingSide",
        "Type": "Bool",
        "BoolValue": true,
        "FloatValue": 0.0,
        "IntValue": 0
      }
    ]
  },
  {
    "name": "c595_RestSpace_L3",
    "position": {
      "x": 15.67,
      "y": 0.667,
      "z": -0.744
    },
    "connectedTo": [
      "f07b_RestSpace_L3_POSE",
      "1e83_Waypoint"
    ],
    "forwardJump": false,
    "areaType": "RestSpace",
    "areaLevel": 3,
    "poseRotation": 0.0,
    "poseParameters": []
  },
  {
    "name": "473b_RestSpace_L3_POSE",
    "position": {
      "x": 14.451,
      "y": 0.474,
      "z": -0.677
    },
    "connectedTo": [
      "ad37_Waypoint"
    ],
    "forwardJump": false,
    "areaType": "RestSpace",
    "areaLevel": 3,
    "poseRotation": 169.624084,
    "poseParameters": [
      {
        "Name": "LyingSide",
        "Type": "Bool",
        "BoolValue": true,
        "FloatValue": 0.0,
        "IntValue": 0
      }
    ]
  },
  {
    "name": "243b_Workbench_L3",
    "position": {
      "x": 0.019,
      "y": 0.0,
      "z": 5.522
    },
    "connectedTo": [
      "20ab_Workbench_L3_POSE",
      "9296_Waypoint"
    ],
    "forwardJump": false,
    "areaType": "Workbench",
    "areaLevel": 3,
    "poseRotation": 0.0,
    "poseParameters": []
  },
  {
    "name": "20ab_Workbench_L3_POSE",
    "position": {
      "x": 0.58,
      "y": 0.891,
      "z": 5.632
    },
    "connectedTo": [
      "243b_Workbench_L3"
    ],
    "forwardJump": false,
    "areaType": "Workbench",
    "areaLevel": 3,
    "poseRotation": 343.864075,
    "poseParameters": [
      {
        "Name": "LyingBelly",
        "Type": "Bool",
        "BoolValue": true,
        "FloatValue": 0.0,
        "IntValue": 0
      }
    ]
  },
  {
    "name": "6e42_Workbench_L2",
    "position": {
      "x": 0.336,
      "y": 0.0,
      "z": 5.797
    },
    "connectedTo": [
      "f494_Workbench_L2_POSE",
      "9296_Waypoint"
    ],
    "forwardJump": false,
    "areaType": "Workbench",
    "areaLevel": 2,
    "poseRotation": 0.0,
    "poseParameters": []
  },
  {
    "name": "f494_Workbench_L2_POSE",
    "position": {
      "x": 0.773,
      "y": 0.893,
      "z": 5.893
    },
    "connectedTo": [
      "6e42_Workbench_L2"
    ],
    "forwardJump": false,
    "areaType": "Workbench",
    "areaLevel": 2,
    "poseRotation": 1.16966879,
    "poseParameters": [
      {
        "Name": "LyingBelly",
        "Type": "Bool",
        "BoolValue": true,
        "FloatValue": 0.0,
        "IntValue": 0
      }
    ]
  },
  {
    "name": "9e74_Workbench_L1",
    "position": {
      "x": 0.263,
      "y": 0.0,
      "z": 5.894
    },
    "connectedTo": [
      "9a45_Workbench_L1_POSE",
      "9296_Waypoint"
    ],
    "forwardJump": false,
    "areaType": "Workbench",
    "areaLevel": 1,
    "poseRotation": 0.0,
    "poseParameters": []
  },
  {
    "name": "9a45_Workbench_L1_POSE",
    "position": {
      "x": 0.804,
      "y": 0.891,
      "z": 5.945
    },
    "connectedTo": [
      "9e74_Workbench_L1"
    ],
    "forwardJump": false,
    "areaType": "Workbench",
    "areaLevel": 1,
    "poseRotation": 354.120331,
    "poseParameters": [
      {
        "Name": "LyingBelly",
        "Type": "Bool",
        "BoolValue": true,
        "FloatValue": 0.0,
        "IntValue": 0
      }
    ]
  },
  {
    "name": "9d16_IntelligenceCenter_L1",
    "position": {
      "x": 0.242,
      "y": 0.0,
      "z": 2.083
    },
    "connectedTo": [
      "3751_IntelligenceCenter_L1_POSE"
    ],
    "forwardJump": false,
    "areaType": "IntelligenceCenter",
    "areaLevel": 1,
    "poseRotation": 0.0,
    "poseParameters": []
  },
  {
    "name": "3751_IntelligenceCenter_L1_POSE",
    "position": {
      "x": 0.695,
      "y": 0.85,
      "z": 2.119
    },
    "connectedTo": [
      "5ca5_Waypoint"
    ],
    "forwardJump": false,
    "areaType": "IntelligenceCenter",
    "areaLevel": 1,
    "poseRotation": 354.9018,
    "poseParameters": [
      {
        "Name": "LyingBelly",
        "Type": "Bool",
        "BoolValue": true,
        "FloatValue": 0.0,
        "IntValue": 0
      }
    ]
  },
  {
    "name": "50bb_IntelligenceCenter_L2",
    "position": {
      "x": 0.153,
      "y": 0.0,
      "z": 2.126
    },
    "connectedTo": [
      "109f_IntelligenceCenter_L2_POSE",
      "117c_Waypoint"
    ],
    "forwardJump": false,
    "areaType": "IntelligenceCenter",
    "areaLevel": 2,
    "poseRotation": 0.0,
    "poseParameters": []
  },
  {
    "name": "6b25_IntelligenceCenter_L2_POSE",
    "position": {
      "x": 0.7264,
      "y": 0.856,
      "z": 1.115
    },
    "connectedTo": [
      "109f_IntelligenceCenter_L2_POSE"
    ],
    "forwardJump": false,
    "areaType": "IntelligenceCenter",
    "areaLevel": 2,
    "poseRotation": 309.6646,
    "poseParameters": [
      {
        "Name": "Sitting",
        "Type": "Bool",
        "BoolValue": true,
        "FloatValue": 0.0,
        "IntValue": 0
      }
    ]
  },
  {
    "name": "109f_IntelligenceCenter_L2_POSE",
    "position": {
      "x": 0.7057,
      "y": 0.855999947,
      "z": 2.1877
    },
    "connectedTo": [
      "6b25_IntelligenceCenter_L2_POSE",
      "50bb_IntelligenceCenter_L2"
    ],
    "forwardJump": false,
    "areaType": "IntelligenceCenter",
    "areaLevel": 2,
    "poseRotation": 192.29274,
    "poseParameters": [
      {
        "Name": "LyingSide",
        "Type": "Bool",
        "BoolValue": true,
        "FloatValue": 0.0,
        "IntValue": 0
      }
    ]
  },
  {
    "name": "7ed2_IntelligenceCenter_L3_POSE",
    "position": {
      "x": 0.757,
      "y": 0.85800004,
      "z": 2.01
    },
    "connectedTo": [
      "2b7e_BitcoinFarm_AL"
    ],
    "forwardJump": false,
    "areaType": "IntelligenceCenter",
    "areaLevel": 3,
    "poseRotation": 202.501053,
    "poseParameters": [
      {
        "Name": "LyingSide",
        "Type": "Bool",
        "BoolValue": true,
        "FloatValue": 0.0,
        "IntValue": 0
      }
    ]
  },
  {
    "name": "512f_ShootingRange_L1_POSE",
    "position": {
      "x": 1.632,
      "y": 0.010999918,
      "z": -0.416
    },
    "connectedTo": [
      "1ea8_WaterCollector_L3",
      "c4b8_Waypoint",
      "42c5_Waypoint"
    ],
    "forwardJump": false,
    "areaType": "ShootingRange",
    "areaLevel": 1,
    "poseRotation": 265.190918,
    "poseParameters": [
      {
        "Name": "",
        "Type": "Trigger",
        "BoolValue": true,
        "FloatValue": 0.0,
        "IntValue": 0
      }
    ]
  },
  {
    "name": "1062_ShootingRange_L2_POSE",
    "position": {
      "x": 1.743,
      "y": 0.010999918,
      "z": -0.523
    },
    "connectedTo": [
      "1ea8_WaterCollector_L3",
      "c4b8_Waypoint",
      "42c5_Waypoint"
    ],
    "forwardJump": false,
    "areaType": "ShootingRange",
    "areaLevel": 2,
    "poseRotation": 265.190918,
    "poseParameters": [
      {
        "Name": "",
        "Type": "Trigger",
        "BoolValue": true,
        "FloatValue": 0.0,
        "IntValue": 0
      }
    ]
  },
  {
    "name": "13ff_ShootingRange_L3_POSE",
    "position": {
      "x": 1.761,
      "y": 0.010999918,
      "z": -0.46
    },
    "connectedTo": [
      "1ea8_WaterCollector_L3",
      "c4b8_Waypoint",
      "42c5_Waypoint",
      "c1fb_BitcoinFarm_AL"
    ],
    "forwardJump": false,
    "areaType": "ShootingRange",
    "areaLevel": 3,
    "poseRotation": 265.190918,
    "poseParameters": [
      {
        "Name": "",
        "Type": "Trigger",
        "BoolValue": true,
        "FloatValue": 0.0,
        "IntValue": 0
      }
    ]
  },
  {
    "name": "fe02_Library_L1",
    "position": {
      "x": 15.797,
      "y": 0.0,
      "z": -2.943
    },
    "connectedTo": [
      "4660_Waypoint",
      "f3d0_Library_L1_POSE",
      "1e83_Waypoint",
      "ad37_Waypoint"
    ],
    "forwardJump": false,
    "areaType": "Library",
    "areaLevel": 1,
    "poseRotation": 0.0,
    "poseParameters": []
  },
  {
    "name": "f3d0_Library_L1_POSE",
    "position": {
      "x": 16.101,
      "y": 0.4227,
      "z": -3.487
    },
    "connectedTo": [
      "fe02_Library_L1"
    ],
    "forwardJump": false,
    "areaType": "Library",
    "areaLevel": 1,
    "poseRotation": 312.68866,
    "poseParameters": [
      {
        "Name": "LyingSide",
        "Type": "Bool",
        "BoolValue": true,
        "FloatValue": 0.0,
        "IntValue": 0
      }
    ]
  },
  {
    "name": "6e5e_ScavCase_L1",
    "position": {
      "x": -6.309,
      "y": 0.0,
      "z": -6.988
    },
    "connectedTo": [
      "7022_Waypoint",
      "bb92_ScavCase_L1_POSE"
    ],
    "forwardJump": false,
    "areaType": "ScavCase",
    "areaLevel": 1,
    "poseRotation": 0.0,
    "poseParameters": []
  },
  {
    "name": "bb92_ScavCase_L1_POSE",
    "position": {
      "x": -5.89,
      "y": 0.637,
      "z": -7.377
    },
    "connectedTo": [
      "6e5e_ScavCase_L1"
    ],
    "forwardJump": false,
    "areaType": "ScavCase",
    "areaLevel": 1,
    "poseRotation": 0.0,
    "poseParameters": [
      {
        "Name": "Sitting",
        "Type": "Bool",
        "BoolValue": true,
        "FloatValue": 0.0,
        "IntValue": 0
      }
    ]
  },
  {
    "name": "cd90_PlaceOfFame_L1",
    "position": {
      "x": 2.822,
      "y": 0.009600043,
      "z": 10.618
    },
    "connectedTo": [
      "4f41_PlaceOfFame_L1_POSE",
      "710d_Waypoint",
      "2b42_Waypoint",
      "8cbe_Gym_L1"
    ],
    "forwardJump": false,
    "areaType": "PlaceOfFame",
    "areaLevel": 1,
    "poseRotation": 0.0,
    "poseParameters": []
  },
  {
    "name": "4f41_PlaceOfFame_L1_POSE",
    "position": {
      "x": 2.263,
      "y": 0.467,
      "z": 10.529
    },
    "connectedTo": [
      "cd90_PlaceOfFame_L1"
    ],
    "forwardJump": false,
    "areaType": "PlaceOfFame",
    "areaLevel": 1,
    "poseRotation": 93.17244,
    "poseParameters": [
      {
        "Name": "LyingSide",
        "Type": "Bool",
        "BoolValue": true,
        "FloatValue": 0.0,
        "IntValue": 0
      }
    ]
  },
  {
    "name": "899e_PlaceOfFame_L2",
    "position": {
      "x": 5.373,
      "y": 0.009599924,
      "z": 8.478
    },
    "connectedTo": [
      "b9b3_PlaceOfFame_L2_POSE",
      "710d_Waypoint",
      "2b42_Waypoint",
      "9ca2_Waypoint"
    ],
    "forwardJump": false,
    "areaType": "PlaceOfFame",
    "areaLevel": 2,
    "poseRotation": 0.0,
    "poseParameters": []
  },
  {
    "name": "b9b3_PlaceOfFame_L2_POSE",
    "position": {
      "x": 5.79,
      "y": 0.477,
      "z": 8.0
    },
    "connectedTo": [
      "899e_PlaceOfFame_L2"
    ],
    "forwardJump": false,
    "areaType": "PlaceOfFame",
    "areaLevel": 2,
    "poseRotation": 0.0,
    "poseParameters": [
      {
        "Name": "LyingSide",
        "Type": "Bool",
        "BoolValue": true,
        "FloatValue": 0.0,
        "IntValue": 0
      }
    ]
  },
  {
    "name": "5a5c_PlaceOfFame_L2",
    "position": {
      "x": 2.401,
      "y": 0.009600043,
      "z": 10.302
    },
    "connectedTo": [
      "3be1_PlaceOfFame_L2_POSE",
      "710d_Waypoint",
      "2b42_Waypoint",
      "8cbe_Gym_L1"
    ],
    "forwardJump": false,
    "areaType": "PlaceOfFame",
    "areaLevel": 2,
    "poseRotation": 0.0,
    "poseParameters": []
  },
  {
    "name": "3be1_PlaceOfFame_L2_POSE",
    "position": {
      "x": 1.999,
      "y": 0.459,
      "z": 10.447
    },
    "connectedTo": [
      "5a5c_PlaceOfFame_L2"
    ],
    "forwardJump": false,
    "areaType": "PlaceOfFame",
    "areaLevel": 2,
    "poseRotation": 182.096542,
    "poseParameters": [
      {
        "Name": "LyingBelly",
        "Type": "Bool",
        "BoolValue": true,
        "FloatValue": 0.0,
        "IntValue": 0
      }
    ]
  },
  {
    "name": "fcd0_PlaceOfFame_L3_POSE",
    "position": {
      "x": 4.116,
      "y": 0.009600043,
      "z": 8.577
    },
    "connectedTo": [
      "2b42_Waypoint",
      "710d_Waypoint"
    ],
    "forwardJump": false,
    "areaType": "PlaceOfFame",
    "areaLevel": 3,
    "poseRotation": 287.1828,
    "poseParameters": [
      {
        "Name": "LyingSide",
        "Type": "Bool",
        "BoolValue": true,
        "FloatValue": 0.0,
        "IntValue": 0
      }
    ]
  },
  {
    "name": "5912_SolarPower_L1",
    "position": {
      "x": -2.56,
      "y": 0.0139,
      "z": -4.797
    },
    "connectedTo": [
      "0864_SolarPower_L1_POSE",
      "25a2_Waypoint",
      "2be7_Waypoint"
    ],
    "forwardJump": false,
    "areaType": "SolarPower",
    "areaLevel": 1,
    "poseRotation": 0.0,
    "poseParameters": []
  },
  {
    "name": "0864_SolarPower_L1_POSE",
    "position": {
      "x": -2.229,
      "y": 0.7307,
      "z": -5.173
    },
    "connectedTo": [
      "5912_SolarPower_L1"
    ],
    "forwardJump": false,
    "areaType": "SolarPower",
    "areaLevel": 1,
    "poseRotation": 342.003021,
    "poseParameters": [
      {
        "Name": "Sitting",
        "Type": "Bool",
        "BoolValue": true,
        "FloatValue": 0.0,
        "IntValue": 0
      }
    ]
  },
  {
    "name": "666b_BitcoinFarm_AL",
    "position": {
      "x": 0.935,
      "y": 0.858,
      "z": 0.709
    },
    "connectedTo": [
      "10de_BitcoinFarm_L1_POSE",
      "6780_BitcoinFarm_AL"
    ],
    "forwardJump": false,
    "areaType": "BitcoinFarm",
    "areaLevel": -1,
    "poseRotation": 0.0,
    "poseParameters": []
  },
  {
    "name": "2b7e_BitcoinFarm_AL",
    "position": {
      "x": 0.734,
      "y": 0.858,
      "z": 1.112
    },
    "connectedTo": [
      "666b_BitcoinFarm_AL",
      "7ed2_IntelligenceCenter_L3_POSE",
      "117c_Waypoint"
    ],
    "forwardJump": false,
    "areaType": "BitcoinFarm",
    "areaLevel": -1,
    "poseRotation": 0.0,
    "poseParameters": []
  },
  {
    "name": "c1fb_BitcoinFarm_AL",
    "position": {
      "x": 1.147,
      "y": 0.011,
      "z": -0.263
    },
    "connectedTo": [
      "42c5_Waypoint",
      "1ea8_WaterCollector_L3",
      "512f_ShootingRange_L1_POSE",
      "13ff_ShootingRange_L3_POSE",
      "1062_ShootingRange_L2_POSE"
    ],
    "forwardJump": false,
    "areaType": "BitcoinFarm",
    "areaLevel": -1,
    "poseRotation": 0.0,
    "poseParameters": []
  },
  {
    "name": "6780_BitcoinFarm_AL",
    "position": {
      "x": 1.149,
      "y": 0.938,
      "z": 0.469
    },
    "connectedTo": [
      "0337_BitcoinFarm_L2_POSE",
      "113e_BitcoinFarm_L3_POSE"
    ],
    "forwardJump": false,
    "areaType": "BitcoinFarm",
    "areaLevel": -1,
    "poseRotation": 0.0,
    "poseParameters": []
  },
  {
    "name": "10de_BitcoinFarm_L1_POSE",
    "position": {
      "x": 1.17,
      "y": 0.466,
      "z": 0.219
    },
    "connectedTo": [
      "c1fb_BitcoinFarm_AL"
    ],
    "forwardJump": false,
    "areaType": "BitcoinFarm",
    "areaLevel": 1,
    "poseRotation": 179.969986,
    "poseParameters": [
      {
        "Name": "LyingBelly",
        "Type": "Bool",
        "BoolValue": true,
        "FloatValue": 0.0,
        "IntValue": 0
      }
    ]
  },
  {
    "name": "0337_BitcoinFarm_L2_POSE",
    "position": {
      "x": 1.156,
      "y": 0.937999964,
      "z": 0.276
    },
    "connectedTo": [
      "c1fb_BitcoinFarm_AL"
    ],
    "forwardJump": false,
    "areaType": "BitcoinFarm",
    "areaLevel": 2,
    "poseRotation": 180.0,
    "poseParameters": [
      {
        "Name": "LyingBelly",
        "Type": "Bool",
        "BoolValue": true,
        "FloatValue": 0.0,
        "IntValue": 0
      }
    ]
  },
  {
    "name": "113e_BitcoinFarm_L3_POSE",
    "position": {
      "x": 1.157,
      "y": 0.938,
      "z": 0.2
    },
    "connectedTo": [
      "c1fb_BitcoinFarm_AL"
    ],
    "forwardJump": false,
    "areaType": "BitcoinFarm",
    "areaLevel": 3,
    "poseRotation": 180.0,
    "poseParameters": [
      {
        "Name": "LyingBelly",
        "Type": "Bool",
        "BoolValue": true,
        "FloatValue": 0.0,
        "IntValue": 0
      }
    ]
  },
  {
    "name": "671d_EquipmentPresetsStand_L1_POSE",
    "position": {
      "x": 3.176,
      "y": 0.004,
      "z": 4.491
    },
    "connectedTo": [
      "61ef_EquipmentPresetsStand_L1",
      "2b42_Waypoint",
      "3ef9_EquipmentPresetsStand_L1_POSE"
    ],
    "forwardJump": false,
    "areaType": "EquipmentPresetsStand",
    "areaLevel": 1,
    "poseRotation": 91.39798,
    "poseParameters": [
      {
        "Name": "Sitting",
        "Type": "Bool",
        "BoolValue": true,
        "FloatValue": 0.0,
        "IntValue": 0
      }
    ]
  },
  {
    "name": "61ef_EquipmentPresetsStand_L1",
    "position": {
      "x": 3.954,
      "y": 0.008,
      "z": 4.458
    },
    "connectedTo": [
      "671d_EquipmentPresetsStand_L1_POSE",
      "0ce0_Waypoint",
      "2b42_Waypoint",
      "3ef9_EquipmentPresetsStand_L1_POSE"
    ],
    "forwardJump": false,
    "areaType": "EquipmentPresetsStand",
    "areaLevel": 1,
    "poseRotation": 0.0,
    "poseParameters": []
  },
  {
    "name": "3ef9_EquipmentPresetsStand_L1_POSE",
    "position": {
      "x": 2.802,
      "y": 0.007999897,
      "z": 6.35
    },
    "connectedTo": [
      "2b42_Waypoint",
      "671d_EquipmentPresetsStand_L1_POSE",
      "61ef_EquipmentPresetsStand_L1"
    ],
    "forwardJump": false,
    "areaType": "EquipmentPresetsStand",
    "areaLevel": 1,
    "poseRotation": 263.262573,
    "poseParameters": [
      {
        "Name": "SharpeningVertical",
        "Type": "Bool",
        "BoolValue": true,
        "FloatValue": 0.0,
        "IntValue": 0
      }
    ]
  },
  {
    "name": "190f_EquipmentPresetsStand_L2",
    "position": {
      "x": 5.33,
      "y": 0.0,
      "z": 3.119
    },
    "connectedTo": [
      "aaa3_EquipmentPresetsStand_L2",
      "0ce0_Waypoint",
      "dcc3_EquipmentPresetsStand_L2"
    ],
    "forwardJump": false,
    "areaType": "EquipmentPresetsStand",
    "areaLevel": 2,
    "poseRotation": 0.0,
    "poseParameters": []
  },
  {
    "name": "dcc3_EquipmentPresetsStand_L2",
    "position": {
      "x": 5.039,
      "y": 0.033,
      "z": 3.649
    },
    "connectedTo": [
      "7c88_EquipmentPresetsStand_L2",
      "190f_EquipmentPresetsStand_L2"
    ],
    "forwardJump": false,
    "areaType": "EquipmentPresetsStand",
    "areaLevel": 2,
    "poseRotation": 0.0,
    "poseParameters": []
  },
  {
    "name": "aaa3_EquipmentPresetsStand_L2",
    "position": {
      "x": 4.805,
      "y": 0.035,
      "z": 3.086
    },
    "connectedTo": [
      "b8af_EquipmentPresetsStand_L2_POSE",
      "190f_EquipmentPresetsStand_L2"
    ],
    "forwardJump": false,
    "areaType": "EquipmentPresetsStand",
    "areaLevel": 2,
    "poseRotation": 0.0,
    "poseParameters": []
  },
  {
    "name": "b8af_EquipmentPresetsStand_L2_POSE",
    "position": {
      "x": 2.987,
      "y": 0.0349999666,
      "z": 3.34
    },
    "connectedTo": [
      "8c19_EquipmentPresetsStand_L2",
      "aaa3_EquipmentPresetsStand_L2"
    ],
    "forwardJump": false,
    "areaType": "EquipmentPresetsStand",
    "areaLevel": 2,
    "poseRotation": 84.3693,
    "poseParameters": [
      {
        "Name": "Sitting",
        "Type": "Bool",
        "BoolValue": true,
        "FloatValue": 0.0,
        "IntValue": 0
      }
    ]
  },
  {
    "name": "8c19_EquipmentPresetsStand_L2",
    "position": {
      "x": 4.067,
      "y": 0.0350000858,
      "z": 4.32
    },
    "connectedTo": [
      "7c88_EquipmentPresetsStand_L2",
      "b8af_EquipmentPresetsStand_L2_POSE"
    ],
    "forwardJump": false,
    "areaType": "EquipmentPresetsStand",
    "areaLevel": 2,
    "poseRotation": 0.0,
    "poseParameters": []
  },
  {
    "name": "7c88_EquipmentPresetsStand_L2",
    "position": {
      "x": 4.31,
      "y": 0.0,
      "z": 4.694
    },
    "connectedTo": [
      "2b42_Waypoint",
      "8c19_EquipmentPresetsStand_L2",
      "dcc3_EquipmentPresetsStand_L2"
    ],
    "forwardJump": false,
    "areaType": "EquipmentPresetsStand",
    "areaLevel": 2,
    "poseRotation": 0.0,
    "poseParameters": []
  },
  {
    "name": "a11d_EquipmentPresetsStand_L3",
    "position": {
      "x": 6.207,
      "y": 0.0,
      "z": 2.445
    },
    "connectedTo": [
      "a911_EquipmentPresetsStand_L3"
    ],
    "forwardJump": false,
    "areaType": "EquipmentPresetsStand",
    "areaLevel": 3,
    "poseRotation": 0.0,
    "poseParameters": []
  },
  {
    "name": "a911_EquipmentPresetsStand_L3",
    "position": {
      "x": 5.736,
      "y": 0.034,
      "z": 2.435
    },
    "connectedTo": [
      "ce91_EquipmentPresetsStand_L3",
      "a11d_EquipmentPresetsStand_L3"
    ],
    "forwardJump": false,
    "areaType": "EquipmentPresetsStand",
    "areaLevel": 3,
    "poseRotation": 0.0,
    "poseParameters": []
  },
  {
    "name": "ce91_EquipmentPresetsStand_L3",
    "position": {
      "x": 4.531,
      "y": 0.03399992,
      "z": 2.215
    },
    "connectedTo": [
      "734d_EquipmentPresetsStand_L3_POSE",
      "2b42_Waypoint",
      "a911_EquipmentPresetsStand_L3"
    ],
    "forwardJump": false,
    "areaType": "EquipmentPresetsStand",
    "areaLevel": 3,
    "poseRotation": 0.0,
    "poseParameters": []
  },
  {
    "name": "734d_EquipmentPresetsStand_L3_POSE",
    "position": {
      "x": 4.331,
      "y": 0.03399968,
      "z": 1.69
    },
    "connectedTo": [
      "ce91_EquipmentPresetsStand_L3"
    ],
    "forwardJump": false,
    "areaType": "EquipmentPresetsStand",
    "areaLevel": 3,
    "poseRotation": 20.13704,
    "poseParameters": [
      {
        "Name": "Sitting",
        "Type": "Bool",
        "BoolValue": true,
        "FloatValue": 0.0,
        "IntValue": 0
      }
    ]
  },
  {
    "name": "fd8e_Gym_L1",
    "position": {
      "x": 8.401,
      "y": 0.0123,
      "z": 11.489
    },
    "connectedTo": [
      "76e7_Gym_L1_POSE",
      "b93f_Waypoint"
    ],
    "forwardJump": false,
    "areaType": "Gym",
    "areaLevel": 1,
    "poseRotation": 0.0,
    "poseParameters": []
  },
  {
    "name": "76e7_Gym_L1_POSE",
    "position": {
      "x": 8.342,
      "y": 0.084,
      "z": 12.106
    },
    "connectedTo": [
      "fd8e_Gym_L1",
      "e70e_Gym_L1"
    ],
    "forwardJump": false,
    "areaType": "Gym",
    "areaLevel": 1,
    "poseRotation": 182.3337,
    "poseParameters": [
      {
        "Name": "LyingSide",
        "Type": "Bool",
        "BoolValue": true,
        "FloatValue": 0.0,
        "IntValue": 0
      }
    ]
  },
  {
    "name": "e70e_Gym_L1",
    "position": {
      "x": 6.889,
      "y": 0.08400011,
      "z": 11.807
    },
    "connectedTo": [
      "76e7_Gym_L1_POSE",
      "8cbe_Gym_L1"
    ],
    "forwardJump": false,
    "areaType": "Gym",
    "areaLevel": 1,
    "poseRotation": 0.0,
    "poseParameters": []
  },
  {
    "name": "8cbe_Gym_L1",
    "position": {
      "x": 6.392,
      "y": 0.019,
      "z": 11.556
    },
    "connectedTo": [
      "710d_Waypoint",
      "e70e_Gym_L1",
      "5a5c_PlaceOfFame_L2",
      "cd90_PlaceOfFame_L1"
    ],
    "forwardJump": false,
    "areaType": "Gym",
    "areaLevel": 1,
    "poseRotation": 0.0,
    "poseParameters": []
  },
  {
    "name": "db95_Gym_L1_POSE",
    "position": {
      "x": 9.764,
      "y": 0.0123000145,
      "z": 10.057
    },
    "connectedTo": [
      "b93f_Waypoint",
      "2be6_Waypoint",
      "c0b5_Waypoint"
    ],
    "forwardJump": false,
    "areaType": "Gym",
    "areaLevel": 1,
    "poseRotation": 230.689346,
    "poseParameters": [
      {
        "Name": "Grooming",
        "Type": "Bool",
        "BoolValue": true,
        "FloatValue": 0.0,
        "IntValue": 0
      }
    ]
  }
]