{
    "GamePanelHUDWeapon": "Game Panel HUD Weapon",
    "Main Settings": "Main Settings",
    "Position Scale Settings": "Position Scale Settings",
    "Color Settings": "Color Settings",
    "Font Styles Settings": "Font Styles Settings",
    "Warning Rate Settings": "Warning Rate Settings",
    "Animation Speed Settings": "Animation Speed Settings",
    "Weapon HUD display": "Weapon HUD display",
    "Ammo Type HUD display": "Ammo Type HUD display",
    "Fire Mode display": "Fire Mode display",
    "Weapon Name Always display": "Weapon Name Always display",
    "Weapon ShortName": "Weapon ShortName",
    "Zero Warning Animation": "Zero Warning Animation",
    "Weapon Name Inspect display": "Weapon Name Inspect display",
    "Weapon Name Auto display": "Weapon Name Auto display",
    "Hide Game Ammo Panel": "Hide Game Ammo Panel",
    "Anchored Position": "Anchored Position",
    "Local Scale": "Local Scale",
    "Max Ammo Within 10": "Max Ammo Within 10",
    "When Max Ammo <= 10 and Current Ammo <= 45%, Current Color change to Warning": "When Max Ammo <= 10 and Current Ammo <= 45%, Current Color change to Warning",
    "Max Ammo Within 100": "Max Ammo Within 100",
    "When Max Ammo > 10 and Current Ammo < 30%, Current Color change to Warning": "When Max Ammo > 10 and Current Ammo < 30%, Current Color change to Warning",
    "Weapon Name Auto display Animation Speed": "Weapon Name Auto display Animation Speed",
    "Zero Warning Animation Speed": "Zero Warning Animation Speed",
    "Current": "Current",
    "Maximum": "Maximum",
    "Patron": "Patron",
    "Weapon Name": "Weapon Name",
    "Ammo Type": "Ammo Type",
    "Fire Mode": "Fire Mode",
    "Zeros": "Zeros",
    "Warning": "Warning"
}