{
    "GamePanelHUDGrenade": "Game Panel HUD Grenade",
    "Main Settings": "Main Settings",
    "Position Scale Settings": "Position Scale Settings",
    "Color Settings": "Color Settings",
    "Font Styles Settings": "Font Styles Settings",
    "Grenade HUD display": "Grenade HUD display",
    "Merge All Grenade Count": "Merge All Grenade Count",
    "Grenade Count Zero Warning": "Grenade Count Zero Warning",
    "Anchored Position": "Anchored Position",
    "Size Delta": "Size Delta",
    "Local Scale": "Local Scale",
    "Frag": "Frag",
    "Stun": "Stun",
    "Smoke": "Smoke",
    "Warning": "Warning"
}