{
  "ambienceEvents": {
    "gunfireEvents": {
      "category": "weapons",
      "eventConfigs": {
        "firefight": {
          "usePlayerDirection": true,
          "minimumSoundTypes": 1,
          "maximumSoundTypes": 2,
          "minimumSoundCount": 10,
          "maximumSoundCount": 25,
          "minimumSoundGap": 0.5,
          "maximumSoundGap": 3,
          "minimumVolume": 0.3,
          "maximumVolume": 0.8,
          "minimumTimeToNextAmbience": 30,
          "maximumTimeToNextAmbience": 90
        },
        "intenseFirefight": {
          "usePlayerDirection": true,
          "minimumSoundTypes": 2,
          "maximumSoundTypes": 4,
          "minimumSoundCount": 10,
          "maximumSoundCount": 25,
          "minimumSoundGap": 0.5,
          "maximumSoundGap": 2,
          "minimumVolume": 0.5,
          "maximumVolume": 1,
          "minimumTimeToNextAmbience": 60,
          "maximumTimeToNextAmbience": 120,
          "timeRestriction": "day"
        }
      }
    },
    "artilleryEvents": {
      "category": "indirect",
      "eventConfigs": {
        "artillery": {
          "usePlayerDirection": true,
          "minimumSoundTypes": 1,
          "maximumSoundTypes": 1,
          "minimumSoundCount": 4,
          "maximumSoundCount": 8,
          "minimumSoundGap": 5,
          "maximumSoundGap": 7,
          "minimumVolume": 0.5,
          "maximumVolume": 1,
          "minimumTimeToNextAmbience": 30,
          "maximumTimeToNextAmbience": 90
        }
      }
    }
  }
}