{
    "GamePanelHUDKill": "Game Panel HUD Kill",
    "Main Settings": "Main Settings",
    "Position Rotation Scale Settings": "Position Rotation Scale Settings",
    "Kill Color Settings": "Kill Color Settings",
    "Font Styles Settings": "Font Styles Settings",
    "Animation Speed Settings": "Animation Speed Settings",
    "Distance Settings": "Distance Settings",
    "Draw Test Kill": "Draw Test Kill",
    "Test Kill": "Test Kill",
    "Kill HUD display": "Kill HUD display",
    "Wait Bottom Kill Destroy": "Wait Bottom Kill Destroy",
    "Kill Distance display": "Kill Distance display",
    "Kill Other display": "Kill Other display",
    "Kill Streak display": "Kill Streak display",
    "Kill Xp display": "Kill Xp display",
    "Kill Level display": "Kill Level display",
    "Kill Part display": "Kill Part display",
    "Kill Faction display": "Kill Faction display",
    "Kill Weapon display": "Kill Weapon display",
    "Kill Scav Name To En": "Kill Scav Name To En",
    "Exp HUD display": "Exp HUD display",
    "Kill Anchored Position": "Kill Anchored Position",
    "Kill Size Delta": "Kill Size Delta",
    "Kill Local Scale": "Kill Local Scale",
    "Exp Anchored Position": "Exp Anchored Position",
    "Exp Size Delta": "Exp Size Delta",
    "Exp Local Scale": "Exp Local Scale",
    "Kill Text Wait Speed": "Kill Text Wait Speed",
    "Exp Wait Speed": "Exp Wait Speed",
    "Kill Text Input Speed": "Kill Text Input Speed",
    "Single character input speed (unit s)": "Single character input speed (unit s)",
    "Kill Text 2 Input Speed": "Kill Text 2 Input Speed",
    "Kill Text 2 Wait Time": "Kill Text 2 Wait Time",
    "Play Text to Text2 ago Wait Time (unit s)": "Play Text to Text2 ago Wait Time (unit s)",
    "When Kill distance >= How many meters display": "When Kill distance >= How many meters display",
    "Kill Info": "Kill Info",
    "Kill Distance": "Kill Distance",
    "Kill Streak": "Kill Streak",
    "Kill Other": "Kill Other",
    "Kill Xp": "Kill Xp",
    "Exp": "Exp",
    "Name": "Name",
    "Weapon": "Weapon",
    "Distance": "Distance",
    "Level": "Level",
    "Streak": "Streak",
    "Body Part": "Body Part",
    "Meters": "Meters",
    "Lvl": "Lvl",
    "Xp": "Xp",
    "Stats Streak": "Stats Streak",
    "Other": "Other",
    "Enemy Down": "Enemy Down",
    "Kill Usec": "Kill Usec",
    "Kill Bear": "Kill Bear",
    "Kill Scav": "Kill Scav",
    "Kill Boss": "Kill Boss",
    "Kill Follower": "Kill Follower",
    "Bracket": "Bracket"    
}