{
    "GamePanelHUDKill": "游戏屏幕面板击杀",
    "Main Settings": "主设置",
    "Position Rotation Scale Settings": "位置旋转大小设置",
    "Kill Color Settings": "击中颜色设置",
    "Font Styles Settings": "字体样式设置",
    "Animation Speed Settings": "动画速度设置",
    "Distance Settings": "距离设置",
    "Draw Test Kill": "渲染测试击杀",
    "Test Kill": "测试击杀",
    "Kill HUD display": "击杀信息显示",
    "Wait Bottom Kill Destroy": "等待底部击杀销毁",
    "Kill Distance display": "击杀距离显示",
    "Kill Other display": "击杀其他显示",
    "Kill Streak display": "击杀连杀显示",
    "Kill Xp display": "击杀经验显示",
    "Kill Level display": "击杀等级显示",
    "Kill Part display": "击杀部位显示",
    "Kill Faction display": "击杀派系显示",
    "Kill Weapon display": "击杀武器显示",
    "Kill Scav Name To En": "击杀Scav名字转英文",
    "Exp HUD display": "经验值显示",
    "Kill Anchored Position": "击杀位置",
    "Kill Size Delta": "击杀高度",
    "Kill Local Scale": "击杀大小",
    "Exp Anchored Position": "经验值位置",
    "Exp Size Delta": "经验值高度",
    "Exp Local Scale": "经验值大小",
    "Kill Text Wait Speed": "击杀文本等待时间",
    "Exp Wait Speed": "经验值等待速度",
    "Kill Text Input Speed": "击杀文本输入速度",
    "Single character input speed (unit s)": "单个字符输入速度 (单位 秒)",
    "Kill Text 2 Input Speed": "击杀文本2 输入速度",
    "Kill Text 2 Wait Time": "击杀文本2 等待时间",
    "Play Text to Text2 ago Wait Time (unit s)": "播放文本2前等待时间 (单位 秒)",
    "When Kill distance >= How many meters display": "当击杀距离大于或等于多少米时显示",
    "Kill Info": "击杀信息",
    "Kill Distance": "击杀距离",
    "Kill Streak": "击杀连杀",
    "Kill Other": "击杀其他",
    "Kill Xp": "击杀经验",
    "Exp": "经验值",
    "Name": "名字",
    "Weapon": "武器",
    "Distance": "距离",
    "Level": "等级",
    "Streak": "连杀",
    "Body Part": "身体部位",
    "Meters": "米",
    "Lvl": "等级",
    "Xp": "经验值",
    "Stats Streak": "连杀奖励",
    "Other": "其他",
    "Enemy Down": "敌人倒下",
    "Kill Usec": "击杀 Usec",
    "Kill Bear": "击杀 Bear",
    "Kill Scav": "击杀 Scav",
    "Kill Boss": "击杀 Boss",
    "Kill Follower": "击杀 Follower",
    "Bracket": "括号"    
}